eppochs;method;accuracy
100;keras;0.7098888754844666
100;Vader;0.6634444444444444
